                  epoch,         train/box_loss,         train/cls_loss,         train/dfl_loss,   metrics/precision(B),      metrics/recall(B),       metrics/mAP50(B),    metrics/mAP50-95(B),           val/box_loss,           val/cls_loss,           val/dfl_loss,                 lr/pg0,                 lr/pg1,                 lr/pg2
                      0,                 5.4101,                 20.355,                 2.2286,                      0,                      0,                      0,                      0,                 5.1898,                 18.165,                 1.7005,             3.3019e-05,             3.3019e-05,             3.3019e-05
                      1,                 4.5093,                 8.0266,                 1.5451,                      0,                      0,                      0,                      0,                  3.939,                 6.8228,                 1.1586,             6.6356e-05,             6.6356e-05,             6.6356e-05
                      2,                 4.1349,                 6.3974,                 1.2691,                 0.0013,                0.02105,                0.00219,                0.00064,                 3.5545,                 5.8403,                 1.0769,             9.9359e-05,             9.9359e-05,             9.9359e-05
                      3,                 3.8625,                 5.7682,                 1.1871,                0.00526,                0.03976,                0.00885,                0.00264,                 3.3532,                 5.2169,                 1.0622,               9.95e-05,               9.95e-05,               9.95e-05
                      4,                 3.7034,                 5.3199,                 1.1547,                0.45886,                0.02523,                 0.0246,                0.00718,                 3.2062,                  4.582,                 1.0268,               9.95e-05,               9.95e-05,               9.95e-05
                      5,                 3.6239,                 4.8662,                 1.1406,                0.45887,                0.06511,                0.05422,                0.01386,                 3.2454,                 4.0104,                 1.0219,                9.9e-05,                9.9e-05,                9.9e-05
                      6,                 3.5751,                 4.5007,                 1.1134,                0.35746,                0.12182,                0.09854,                0.02849,                 3.0243,                 3.5261,                0.99965,               9.85e-05,               9.85e-05,               9.85e-05
                      7,                 3.4891,                  4.167,                 1.1023,                0.41744,                0.16355,                0.12864,                0.03746,                 3.0176,                 3.1995,                0.99491,                9.8e-05,                9.8e-05,                9.8e-05
                      8,                 3.4794,                 3.9245,                 1.1013,                0.41625,                0.20815,                0.16428,                0.04708,                 2.9096,                 2.9076,                0.98576,               9.75e-05,               9.75e-05,               9.75e-05
                      9,                 3.4243,                 3.7056,                 1.0945,                0.39913,                0.25064,                0.20942,                0.06063,                 2.8933,                 2.7013,                0.98028,                9.7e-05,                9.7e-05,                9.7e-05
                     10,                 3.4447,                 3.5637,                 1.0968,                0.36219,                0.29642,                0.24425,                0.06947,                 2.9038,                 2.5637,                0.97988,               9.65e-05,               9.65e-05,               9.65e-05
                     11,                 3.3836,                 3.4188,                 1.0619,                0.36842,                0.34251,                0.25706,                0.07259,                 2.8823,                 2.4652,                0.97695,                9.6e-05,                9.6e-05,                9.6e-05
                     12,                  3.387,                 3.3155,                 1.0776,                0.35596,                0.33339,                0.26327,                0.07367,                 2.9256,                 2.3533,                0.98167,             9.5501e-05,             9.5501e-05,             9.5501e-05
                     13,                 3.3216,                 3.1938,                 1.0607,                0.40871,                 0.3685,                0.28983,                0.08115,                  2.839,                 2.2702,                0.97177,             9.5001e-05,             9.5001e-05,             9.5001e-05
                     14,                 3.3359,                  3.127,                 1.0602,                0.39623,                0.40222,                0.31185,                0.08925,                 2.7978,                 2.2028,                0.96545,             9.4501e-05,             9.4501e-05,             9.4501e-05
                     15,                 3.3362,                 3.0787,                 1.0626,                0.39234,                0.38874,                0.31214,                0.08451,                 2.8599,                 2.1718,                0.96939,             9.4001e-05,             9.4001e-05,             9.4001e-05
                     16,                  3.326,                 2.9685,                 1.0569,                 0.3977,                0.41083,                0.31631,                0.09215,                 2.7955,                 2.1008,                 0.9623,             9.3501e-05,             9.3501e-05,             9.3501e-05
                     17,                 3.2754,                 2.9685,                 1.0557,                0.40316,                0.41261,                0.35363,                0.10348,                 2.7934,                 2.0439,                0.96046,             9.3001e-05,             9.3001e-05,             9.3001e-05
                     18,                 3.2546,                 2.9049,                 1.0594,                0.41737,                0.42753,                0.36037,                0.10357,                 2.7772,                 2.0367,                0.95756,             9.2501e-05,             9.2501e-05,             9.2501e-05
                     19,                  3.269,                 2.8754,                 1.0557,                0.40272,                0.43767,                 0.3665,                0.10567,                 2.7455,                 2.0459,                0.95351,             9.2001e-05,             9.2001e-05,             9.2001e-05
                     20,                 3.2012,                 2.7581,                 1.0384,                0.42236,                 0.4635,                0.39727,                0.12019,                 2.7075,                 1.9232,                 0.9486,             9.1501e-05,             9.1501e-05,             9.1501e-05
                     21,                 3.2055,                 2.7646,                 1.0392,                0.38178,                0.45096,                0.38893,                0.11493,                 2.7378,                 1.9239,                0.95022,             9.1001e-05,             9.1001e-05,             9.1001e-05
                     22,                 3.1978,                 2.7521,                 1.0442,                0.41535,                 0.4612,                0.41512,                0.12118,                 2.7182,                 1.8753,                0.94942,             9.0501e-05,             9.0501e-05,             9.0501e-05
                     23,                 3.1533,                 2.6895,                 1.0481,                0.43639,                0.45155,                0.39959,                0.11842,                 2.7725,                 1.8525,                0.95553,             9.0001e-05,             9.0001e-05,             9.0001e-05
                     24,                 3.1832,                 2.6115,                 1.0371,                0.43738,                0.47064,                0.42188,                0.12364,                 2.7148,                 1.8194,                0.94729,             8.9501e-05,             8.9501e-05,             8.9501e-05
                     25,                 3.1606,                 2.5925,                 1.0415,                0.47032,                 0.4746,                0.44571,                0.13252,                 2.7258,                 1.7719,                0.94782,             8.9001e-05,             8.9001e-05,             8.9001e-05
                     26,                 3.1252,                 2.5559,                 1.0344,                0.47082,                0.49688,                0.46186,                0.13798,                  2.697,                 1.7471,                0.94376,             8.8501e-05,             8.8501e-05,             8.8501e-05
                     27,                 3.1287,                 2.5178,                 1.0291,                0.48889,                0.49227,                 0.4712,                0.14008,                 2.7113,                 1.7327,                0.94125,             8.8001e-05,             8.8001e-05,             8.8001e-05
                     28,                 3.0994,                  2.451,                 1.0342,                0.50726,                0.50507,                0.48452,                0.15008,                 2.6613,                 1.6568,                0.93823,             8.7501e-05,             8.7501e-05,             8.7501e-05
                     29,                 3.1131,                 2.4706,                 1.0298,                0.52307,                0.51422,                0.50159,                0.14958,                  2.708,                 1.6503,                0.94566,             8.7001e-05,             8.7001e-05,             8.7001e-05
                     30,                 3.1351,                 2.5042,                 1.0344,                0.50489,                0.52114,                0.49554,                0.14907,                   2.69,                   1.64,                0.94297,             8.6501e-05,             8.6501e-05,             8.6501e-05
                     31,                 3.1096,                 2.4139,                 1.0329,                0.47155,                0.50674,                0.49247,                0.14515,                 2.6978,                 1.6238,                0.94093,             8.6001e-05,             8.6001e-05,             8.6001e-05
                     32,                  3.068,                 2.3753,                 1.0202,                0.49543,                0.52273,                0.50031,                0.15102,                 2.6874,                 1.5952,                0.93914,             8.5502e-05,             8.5502e-05,             8.5502e-05
                     33,                 3.1051,                 2.3657,                 1.0186,                0.54881,                0.54747,                0.53985,                0.16024,                 2.6605,                  1.574,                0.93881,             8.5002e-05,             8.5002e-05,             8.5002e-05
                     34,                 3.0982,                 2.3986,                 1.0154,                0.54242,                0.54628,                0.53942,                0.15883,                 2.6666,                 1.5386,                0.93762,             8.4502e-05,             8.4502e-05,             8.4502e-05
                     35,                 3.0955,                 2.3633,                 1.0176,                0.54423,                0.55691,                 0.5497,                0.16754,                  2.642,                 1.5113,                0.93663,             8.4002e-05,             8.4002e-05,             8.4002e-05
                     36,                 3.0499,                 2.3166,                 1.0224,                0.54639,                0.54307,                0.55154,                0.16798,                 2.6643,                 1.5041,                0.93863,             8.3502e-05,             8.3502e-05,             8.3502e-05
                     37,                 3.0376,                 2.3141,                 1.0063,                0.52476,                0.55991,                0.52853,                 0.1667,                 2.6539,                 1.5152,                0.93668,             8.3002e-05,             8.3002e-05,             8.3002e-05
                     38,                 3.0292,                 2.2608,                 1.0059,                0.52646,                0.58922,                 0.5566,                0.17207,                 2.6099,                 1.4702,                0.93391,             8.2502e-05,             8.2502e-05,             8.2502e-05
                     39,                 3.0606,                 2.2842,                  1.016,                0.55968,                0.59479,                0.56639,                0.16972,                 2.6459,                 1.4524,                 0.9369,             8.2002e-05,             8.2002e-05,             8.2002e-05
                     40,                 3.0568,                 2.2314,                 1.0089,                0.56305,                0.57057,                0.56624,                0.17209,                 2.6399,                 1.4542,                0.93435,             8.1502e-05,             8.1502e-05,             8.1502e-05
                     41,                   3.03,                 2.2039,                 1.0064,                0.50887,                0.56893,                0.52782,                 0.1595,                 2.6984,                 1.4773,                0.94283,             8.1002e-05,             8.1002e-05,             8.1002e-05
                     42,                 3.0158,                 2.1853,                 1.0048,                 0.5578,                0.59733,                0.56658,                 0.1755,                 2.6286,                 1.4301,                0.93215,             8.0502e-05,             8.0502e-05,             8.0502e-05
                     43,                 2.9896,                 2.2116,                  1.008,                0.57023,                 0.5773,                0.57073,                0.17436,                 2.6504,                 1.4398,                0.93257,             8.0002e-05,             8.0002e-05,             8.0002e-05
                     44,                 3.0093,                 2.1896,                 1.0013,                0.56307,                0.52684,                0.52605,                0.15624,                 2.6848,                 1.4454,                0.94034,             7.9502e-05,             7.9502e-05,             7.9502e-05
                     45,                 3.0263,                 2.2032,                 1.0229,                0.56869,                0.57422,                 0.5507,                0.16108,                 2.6637,                 1.4508,                0.93841,             7.9002e-05,             7.9002e-05,             7.9002e-05
                     46,                 3.0304,                 2.1535,                 1.0052,                0.56114,                0.59128,                0.57862,                0.17478,                 2.6099,                 1.4071,                0.93045,             7.8502e-05,             7.8502e-05,             7.8502e-05
                     47,                 3.0069,                 2.1392,                 1.0053,                 0.5988,                0.56755,                0.57194,                0.16705,                 2.6755,                 1.4145,                0.93974,             7.8002e-05,             7.8002e-05,             7.8002e-05
                     48,                 3.0217,                 2.1204,                0.99834,                0.58528,                0.54925,                0.56401,                0.17463,                 2.5941,                 1.3999,                0.93135,             7.7502e-05,             7.7502e-05,             7.7502e-05
                     49,                  2.992,                 2.1317,                 1.0073,                0.55395,                0.57477,                0.56087,                0.16664,                 2.6486,                 1.4197,                0.93253,             7.7002e-05,             7.7002e-05,             7.7002e-05
                     50,                 2.9687,                 2.1212,                0.99761,                0.58262,                0.60047,                0.59508,                0.18219,                 2.6284,                  1.385,                0.93158,             7.6502e-05,             7.6502e-05,             7.6502e-05
                     51,                 2.9679,                 2.1063,                0.99693,                0.61558,                0.59652,                  0.591,                0.17389,                 2.6575,                 1.3904,                0.93359,             7.6003e-05,             7.6003e-05,             7.6003e-05
                     52,                 2.9759,                 2.0919,                 1.0005,                0.56243,                0.56617,                0.56027,                0.16767,                  2.665,                  1.434,                0.93626,             7.5503e-05,             7.5503e-05,             7.5503e-05
                     53,                 2.9298,                 2.0849,                0.99081,                0.61269,                0.58205,                0.59551,                0.18122,                 2.6363,                  1.363,                0.93125,             7.5003e-05,             7.5003e-05,             7.5003e-05
                     54,                 2.9557,                 2.1104,                 1.0034,                0.58975,                0.56965,                0.57688,                0.17885,                 2.6374,                 1.3739,                0.93192,             7.4503e-05,             7.4503e-05,             7.4503e-05
                     55,                 2.9435,                  2.064,                 1.0038,                 0.6102,                0.58313,                 0.5796,                0.17611,                 2.6334,                 1.3694,                0.93197,             7.4003e-05,             7.4003e-05,             7.4003e-05
                     56,                 2.9592,                 2.0658,                0.99145,                0.62661,                0.59758,                0.61026,                0.18151,                 2.6236,                 1.3647,                0.93108,             7.3503e-05,             7.3503e-05,             7.3503e-05
                     57,                 2.9547,                  2.048,                0.99484,                0.60384,                0.59995,                0.60125,                0.18374,                 2.6247,                 1.3593,                0.92964,             7.3003e-05,             7.3003e-05,             7.3003e-05
                     58,                 2.9343,                 2.0519,                 1.0014,                0.61769,                0.62114,                0.60449,                0.18511,                 2.6479,                 1.3655,                 0.9336,             7.2503e-05,             7.2503e-05,             7.2503e-05
                     59,                 2.9696,                 2.0611,                0.99476,                0.62631,                0.61099,                0.60701,                0.18424,                  2.664,                 1.3604,                 0.9357,             7.2003e-05,             7.2003e-05,             7.2003e-05
                     60,                 2.9677,                 2.0302,                0.99634,                0.61645,                0.57983,                0.59456,                0.18377,                 2.6207,                 1.3546,                0.92985,             7.1503e-05,             7.1503e-05,             7.1503e-05
                     61,                 2.8972,                 1.9929,                0.98874,                0.61459,                0.58835,                0.59149,                0.18215,                 2.6329,                 1.3487,                0.93128,             7.1003e-05,             7.1003e-05,             7.1003e-05
                     62,                 2.9251,                 2.0614,                 1.0015,                0.60611,                0.60162,                 0.5957,                0.18511,                 2.6344,                 1.3426,                0.92919,             7.0503e-05,             7.0503e-05,             7.0503e-05
                     63,                  2.914,                 1.9621,                0.98132,                0.57528,                 0.5656,                0.57804,                0.18112,                  2.645,                 1.3729,                0.93402,             7.0003e-05,             7.0003e-05,             7.0003e-05
                     64,                 2.9113,                   1.99,                0.98379,                0.60646,                0.60614,                0.60637,                0.19006,                 2.6302,                 1.3334,                 0.9312,             6.9503e-05,             6.9503e-05,             6.9503e-05
                     65,                 2.9276,                 2.0093,                0.98093,                0.61809,                0.60924,                0.60312,                0.19063,                 2.6089,                 1.3236,                0.93143,             6.9003e-05,             6.9003e-05,             6.9003e-05
                     66,                 2.8966,                 1.9541,                  0.981,                0.58542,                0.61464,                0.59539,                0.18681,                 2.6204,                 1.3254,                0.93027,             6.8503e-05,             6.8503e-05,             6.8503e-05
                     67,                 2.8988,                  1.948,                0.98197,                0.57822,                0.61094,                 0.5929,                0.18255,                 2.6338,                  1.332,                0.93235,             6.8003e-05,             6.8003e-05,             6.8003e-05
                     68,                 2.8848,                 1.9806,                0.99242,                 0.6369,                0.63955,                0.61321,                0.19049,                 2.6192,                 1.2993,                0.93091,             6.7503e-05,             6.7503e-05,             6.7503e-05
                     69,                 2.8758,                 1.9128,                0.98112,                0.62945,                0.61073,                0.60542,                0.18601,                 2.6376,                 1.3281,                0.93363,             6.7003e-05,             6.7003e-05,             6.7003e-05
                     70,                 2.9321,                 1.9458,                0.97732,                0.59068,                0.57232,                 0.5731,                0.17598,                 2.6705,                 1.3824,                0.93657,             6.6503e-05,             6.6503e-05,             6.6503e-05
                     71,                 2.8829,                 1.9442,                0.98088,                0.61468,                0.60617,                0.60176,                0.18634,                 2.6265,                 1.3112,                0.92812,             6.6003e-05,             6.6003e-05,             6.6003e-05
                     72,                 2.8839,                 1.9721,                0.98793,                0.62088,                0.63364,                0.62274,                0.19634,                 2.5765,                 1.2923,                0.92512,             6.5504e-05,             6.5504e-05,             6.5504e-05
                     73,                 2.8919,                 1.9526,                0.98577,                0.62204,                0.60788,                0.59579,                0.18735,                  2.588,                 1.3002,                0.92534,             6.5004e-05,             6.5004e-05,             6.5004e-05
                     74,                 2.8439,                 1.8949,                0.97947,                0.64716,                0.61028,                 0.6079,                0.18532,                 2.6206,                 1.3521,                0.92888,             6.4504e-05,             6.4504e-05,             6.4504e-05
                     75,                 2.8467,                 1.8954,                0.99243,                0.62611,                0.61637,                0.60575,                0.18976,                  2.589,                 1.3114,                0.92915,             6.4004e-05,             6.4004e-05,             6.4004e-05
                     76,                 2.8651,                   1.89,                0.97813,                0.63288,                0.62318,                0.62171,                0.19325,                 2.6002,                  1.309,                0.92959,             6.3504e-05,             6.3504e-05,             6.3504e-05
                     77,                 2.8333,                 1.8959,                0.98245,                0.63078,                0.62604,                0.62571,                0.19633,                 2.5843,                 1.2941,                0.92756,             6.3004e-05,             6.3004e-05,             6.3004e-05
                     78,                 2.8296,                 1.8434,                0.97531,                0.65255,                0.62863,                0.63379,                 0.1932,                 2.5993,                 1.2923,                0.92608,             6.2504e-05,             6.2504e-05,             6.2504e-05
                     79,                 2.8636,                  1.905,                0.97864,                0.64637,                0.59093,                 0.6032,                0.19548,                 2.5767,                 1.2912,                0.92802,             6.2004e-05,             6.2004e-05,             6.2004e-05
                     80,                 2.8308,                 1.8936,                0.98488,                0.60195,                0.60859,                0.59464,                0.18745,                 2.6092,                 1.3153,                0.93001,             6.1504e-05,             6.1504e-05,             6.1504e-05
                     81,                 2.8711,                 1.8835,                0.97264,                0.63033,                0.61794,                0.61579,                0.19238,                 2.5913,                 1.3038,                0.92988,             6.1004e-05,             6.1004e-05,             6.1004e-05
                     82,                 2.8345,                 1.8872,                0.98179,                0.62066,                0.62091,                0.61239,                0.18804,                 2.6027,                 1.3063,                0.92789,             6.0504e-05,             6.0504e-05,             6.0504e-05
                     83,                 2.8375,                 1.8848,                0.98024,                0.62982,                0.61429,                0.62113,                0.19516,                  2.617,                 1.2893,                0.93023,             6.0004e-05,             6.0004e-05,             6.0004e-05
                     84,                 2.8069,                 1.8647,                0.97404,                0.65803,                0.62645,                0.62944,                 0.1962,                 2.6113,                 1.2933,                0.93127,             5.9504e-05,             5.9504e-05,             5.9504e-05
                     85,                 2.8082,                 1.8835,                0.97733,                0.62853,                0.62803,                0.62158,                0.19431,                 2.6179,                 1.2911,                0.93004,             5.9004e-05,             5.9004e-05,             5.9004e-05
                     86,                 2.8123,                 1.8173,                0.97604,                0.61312,                0.59428,                0.59662,                0.18514,                 2.6337,                 1.3004,                0.93032,             5.8504e-05,             5.8504e-05,             5.8504e-05
                     87,                 2.7922,                 1.8545,                0.97063,                0.60739,                0.63309,                0.61271,                0.19405,                 2.5809,                 1.3027,                0.92485,             5.8004e-05,             5.8004e-05,             5.8004e-05
                     88,                 2.8174,                 1.8533,                0.97489,                 0.5975,                0.61582,                0.60194,                0.18784,                 2.6409,                 1.3042,                0.93124,             5.7504e-05,             5.7504e-05,             5.7504e-05
                     89,                 2.8157,                 1.8183,                0.96843,                0.60541,                0.63267,                 0.6234,                0.19149,                 2.6107,                  1.287,                0.92886,             5.7004e-05,             5.7004e-05,             5.7004e-05
                     90,                 2.8002,                 1.8424,                0.97752,                0.60229,                0.60157,                 0.6042,                 0.1841,                  2.656,                 1.2886,                 0.9355,             5.6504e-05,             5.6504e-05,             5.6504e-05
                     91,                 2.7973,                 1.7558,                0.96307,                0.64058,                0.62422,                0.62497,                0.19327,                 2.6149,                 1.2901,                0.92981,             5.6005e-05,             5.6005e-05,             5.6005e-05
                     92,                 2.7853,                 1.8144,                0.96675,                 0.6354,                0.62924,                0.62698,                0.19283,                 2.6195,                 1.2768,                0.93199,             5.5505e-05,             5.5505e-05,             5.5505e-05
                     93,                  2.807,                 1.8375,                0.97935,                0.62642,                0.61516,                0.60549,                0.18626,                 2.6507,                 1.2867,                0.93261,             5.5005e-05,             5.5005e-05,             5.5005e-05
                     94,                 2.7563,                 1.7792,                0.97244,                0.64722,                0.64526,                0.64557,                0.19734,                 2.5917,                 1.2621,                0.92779,             5.4505e-05,             5.4505e-05,             5.4505e-05
                     95,                  2.821,                 1.7755,                0.95483,                0.63739,                0.64632,                0.63737,                0.19722,                 2.5978,                 1.2663,                 0.9277,             5.4005e-05,             5.4005e-05,             5.4005e-05
                     96,                 2.7913,                 1.7929,                0.96976,                0.64899,                 0.6324,                0.64045,                0.19433,                 2.6058,                 1.2635,                0.92883,             5.3505e-05,             5.3505e-05,             5.3505e-05
                     97,                 2.8088,                   1.82,                0.96891,                 0.6558,                0.60966,                 0.6192,                0.18858,                 2.6319,                 1.2938,                0.93046,             5.3005e-05,             5.3005e-05,             5.3005e-05
                     98,                 2.7725,                 1.7581,                0.96387,                0.62687,                 0.6036,                0.60909,                0.18521,                 2.6445,                 1.2733,                0.93155,             5.2505e-05,             5.2505e-05,             5.2505e-05
                     99,                 2.7764,                 1.7595,                0.96313,                0.66112,                0.61257,                0.61846,                 0.1871,                 2.6128,                 1.2789,                0.92856,             5.2005e-05,             5.2005e-05,             5.2005e-05
                    100,                 2.7692,                 1.7567,                0.96166,                0.62664,                0.63676,                0.62641,                 0.1915,                 2.6128,                 1.2671,                0.92934,             5.1505e-05,             5.1505e-05,             5.1505e-05
                    101,                 2.7914,                 1.8072,                0.97117,                0.64739,                 0.6168,                0.62556,                0.19466,                 2.5936,                 1.2684,                0.92921,             5.1005e-05,             5.1005e-05,             5.1005e-05
                    102,                 2.7222,                 1.7651,                0.96822,                0.65036,                0.61516,                 0.6256,                0.19493,                 2.6123,                 1.2955,                0.92873,             5.0505e-05,             5.0505e-05,             5.0505e-05
                    103,                  2.746,                  1.719,                0.95671,                 0.6749,                0.64027,                0.64739,                0.19821,                 2.6042,                 1.2578,                0.92814,             5.0005e-05,             5.0005e-05,             5.0005e-05
                    104,                  2.802,                 1.7977,                0.96889,                0.68187,                0.62737,                0.64976,                0.19491,                 2.5924,                 1.2551,                0.92688,             4.9505e-05,             4.9505e-05,             4.9505e-05
                    105,                 2.7475,                 1.7661,                0.96694,                 0.6383,                0.61687,                 0.6242,                0.18833,                 2.6259,                 1.2647,                0.93304,             4.9005e-05,             4.9005e-05,             4.9005e-05
                    106,                 2.7625,                 1.7868,                0.96812,                0.65127,                0.63354,                0.63569,                0.19599,                 2.5845,                 1.2439,                0.92707,             4.8505e-05,             4.8505e-05,             4.8505e-05
                    107,                 2.7774,                 1.7644,                 0.9715,                0.66125,                0.64164,                0.64093,                  0.191,                 2.6131,                 1.2673,                0.93222,             4.8005e-05,             4.8005e-05,             4.8005e-05
                    108,                 2.7401,                 1.7372,                0.96425,                0.68302,                0.64252,                0.65903,                0.19922,                 2.5934,                 1.2484,                0.92801,             4.7505e-05,             4.7505e-05,             4.7505e-05
                    109,                 2.7575,                 1.7632,                0.96622,                0.65586,                0.63542,                0.63851,                 0.1942,                 2.6009,                 1.2558,                0.92995,             4.7005e-05,             4.7005e-05,             4.7005e-05
                    110,                 2.6874,                  1.729,                0.96118,                 0.6488,                0.61695,                0.63008,                0.19393,                 2.5989,                 1.2495,                0.92958,             4.6505e-05,             4.6505e-05,             4.6505e-05
                    111,                  2.741,                 1.7198,                0.95444,                0.66739,                0.65266,                0.65086,                0.19928,                 2.5795,                 1.2532,                0.92606,             4.6005e-05,             4.6005e-05,             4.6005e-05
                    112,                 2.6954,                 1.7406,                0.96219,                 0.6504,                0.64544,                0.64289,                0.19865,                 2.5919,                 1.2543,                0.92584,             4.5506e-05,             4.5506e-05,             4.5506e-05
                    113,                 2.7314,                 1.7273,                0.96221,                0.64021,                 0.6297,                0.62621,                0.19141,                 2.6394,                 1.2663,                0.93259,             4.5006e-05,             4.5006e-05,             4.5006e-05
                    114,                 2.7299,                 1.7215,                 0.9599,                0.64573,                0.66741,                0.64301,                0.19688,                 2.5897,                 1.2475,                0.92645,             4.4506e-05,             4.4506e-05,             4.4506e-05
                    115,                 2.7582,                 1.7203,                 0.9544,                0.64384,                 0.6372,                0.62502,                0.18747,                 2.6395,                 1.2761,                0.93141,             4.4006e-05,             4.4006e-05,             4.4006e-05
                    116,                 2.7194,                  1.727,                0.96855,                0.64678,                0.64125,                0.62806,                0.19905,                 2.5829,                 1.2538,                0.92678,             4.3506e-05,             4.3506e-05,             4.3506e-05
                    117,                  2.711,                 1.7061,                0.95396,                0.66049,                0.63612,                 0.6336,                0.19765,                 2.5807,                 1.2499,                0.92391,             4.3006e-05,             4.3006e-05,             4.3006e-05
                    118,                 2.7004,                 1.6987,                0.96015,                0.65803,                0.66253,                0.64369,                0.19797,                 2.5895,                 1.2554,                0.92601,             4.2506e-05,             4.2506e-05,             4.2506e-05
                    119,                 2.6749,                 1.6706,                0.95848,                0.65855,                0.63013,                0.63055,                0.19761,                 2.5983,                  1.264,                0.92653,             4.2006e-05,             4.2006e-05,             4.2006e-05
                    120,                 2.6925,                 1.7234,                0.95983,                0.64331,                0.63366,                0.61985,                 0.1914,                  2.599,                 1.2474,                0.92705,             4.1506e-05,             4.1506e-05,             4.1506e-05
                    121,                 2.6916,                 1.6986,                0.95396,                0.62786,                0.66189,                0.63343,                0.19726,                 2.5703,                 1.2474,                0.92256,             4.1006e-05,             4.1006e-05,             4.1006e-05
                    122,                 2.7019,                 1.6846,                0.95483,                0.63516,                0.67008,                0.64076,                0.19868,                 2.5772,                 1.2432,                0.92447,             4.0506e-05,             4.0506e-05,             4.0506e-05
                    123,                 2.7023,                 1.6857,                0.95448,                0.63789,                0.67646,                0.64404,                 0.1966,                  2.574,                 1.2441,                0.92522,             4.0006e-05,             4.0006e-05,             4.0006e-05
                    124,                 2.7128,                 1.7154,                0.95862,                0.66945,                0.65338,                0.64384,                 0.1977,                 2.5674,                 1.2305,                0.92423,             3.9506e-05,             3.9506e-05,             3.9506e-05
                    125,                 2.7003,                 1.6526,                0.95457,                0.66044,                0.61372,                0.61741,                0.18889,                 2.6333,                 1.2502,                0.93023,             3.9006e-05,             3.9006e-05,             3.9006e-05
                    126,                 2.6827,                 1.6748,                0.95258,                0.65334,                0.68766,                0.65783,                0.19849,                 2.5884,                 1.2305,                0.92536,             3.8506e-05,             3.8506e-05,             3.8506e-05
                    127,                 2.6801,                 1.6797,                0.94707,                0.65239,                0.64456,                0.64574,                0.20043,                 2.5906,                 1.2266,                0.92525,             3.8006e-05,             3.8006e-05,             3.8006e-05
                    128,                 2.6968,                 1.6887,                0.95388,                0.67665,                0.64716,                0.65456,                0.19775,                 2.5952,                  1.226,                0.92639,             3.7506e-05,             3.7506e-05,             3.7506e-05
                    129,                 2.6829,                 1.6744,                0.94724,                0.67991,                0.65462,                0.65639,                0.19726,                 2.6114,                 1.2309,                 0.9277,             3.7006e-05,             3.7006e-05,             3.7006e-05
                    130,                 2.6684,                 1.6389,                0.94591,                0.67877,                0.65991,                0.65274,                0.19668,                 2.5919,                 1.2238,                0.92705,             3.6506e-05,             3.6506e-05,             3.6506e-05
                    131,                 2.6653,                   1.66,                0.95427,                0.65631,                0.65578,                0.64984,                0.19758,                 2.6132,                 1.2398,                0.93095,             3.6007e-05,             3.6007e-05,             3.6007e-05
                    132,                 2.6836,                 1.6658,                0.95179,                 0.6627,                0.67336,                0.65322,                0.20116,                 2.5863,                 1.2332,                0.92836,             3.5507e-05,             3.5507e-05,             3.5507e-05
                    133,                 2.6888,                 1.6412,                0.94282,                0.64074,                0.66365,                0.64406,                0.19504,                 2.6167,                 1.2215,                0.92899,             3.5007e-05,             3.5007e-05,             3.5007e-05
                    134,                 2.6341,                 1.6285,                0.95697,                0.64752,                0.63221,                0.63442,                0.19563,                  2.597,                 1.2172,                0.92595,             3.4507e-05,             3.4507e-05,             3.4507e-05
                    135,                 2.6734,                 1.6428,                0.94811,                0.63241,                0.66394,                0.63693,                 0.1941,                 2.5922,                 1.2291,                0.92538,             3.4007e-05,             3.4007e-05,             3.4007e-05
                    136,                 2.6752,                 1.6434,                0.94156,                0.64422,                0.67819,                0.65342,                0.19853,                 2.5874,                 1.2224,                0.92396,             3.3507e-05,             3.3507e-05,             3.3507e-05
                    137,                 2.6377,                 1.6592,                0.95687,                0.63247,                0.66537,                0.65142,                0.20113,                 2.5869,                 1.2319,                0.92493,             3.3007e-05,             3.3007e-05,             3.3007e-05
                    138,                 2.6482,                 1.6491,                0.94764,                0.66095,                0.65095,                0.65181,                0.19669,                  2.627,                 1.2345,                0.92823,             3.2507e-05,             3.2507e-05,             3.2507e-05
                    139,                  2.633,                 1.6366,                0.95346,                0.65685,                0.64707,                0.65268,                0.20227,                 2.5761,                 1.2324,                0.92394,             3.2007e-05,             3.2007e-05,             3.2007e-05
                    140,                 2.6729,                 1.6455,                 0.9456,                0.64559,                0.62933,                 0.6377,                 0.1964,                 2.6027,                 1.2379,                0.92686,             3.1507e-05,             3.1507e-05,             3.1507e-05
                    141,                 2.6599,                 1.6354,                0.94678,                 0.6665,                0.62162,                0.64314,                0.19448,                 2.6152,                 1.2391,                 0.9312,             3.1007e-05,             3.1007e-05,             3.1007e-05
                    142,                 2.6261,                 1.5992,                 0.9431,                0.64401,                0.64503,                0.63338,                0.19762,                  2.592,                 1.2371,                0.92746,             3.0507e-05,             3.0507e-05,             3.0507e-05
                    143,                 2.6544,                 1.6402,                0.95596,                0.67967,                0.62864,                0.64219,                0.19625,                 2.6132,                  1.232,                 0.9286,             3.0007e-05,             3.0007e-05,             3.0007e-05
                    144,                 2.6368,                 1.6266,                0.95146,                0.64307,                0.68457,                0.65034,                0.19994,                  2.612,                 1.2346,                0.92954,             2.9507e-05,             2.9507e-05,             2.9507e-05
                    145,                 2.6494,                 1.6464,                0.95239,                0.64943,                0.68133,                0.65332,                0.19815,                 2.5982,                 1.2277,                0.92601,             2.9007e-05,             2.9007e-05,             2.9007e-05
                    146,                 2.6611,                 1.6289,                0.94076,                0.65744,                0.67284,                0.65424,                0.19875,                 2.6117,                 1.2179,                0.92765,             2.8507e-05,             2.8507e-05,             2.8507e-05
                    147,                 2.6587,                 1.6144,                0.94744,                0.61745,                0.67957,                0.63898,                0.19502,                 2.6207,                 1.2331,                0.92953,             2.8007e-05,             2.8007e-05,             2.8007e-05
                    148,                 2.6454,                 1.6504,                0.95714,                0.61151,                0.66985,                0.63284,                0.19654,                 2.6058,                 1.2273,                0.92937,             2.7507e-05,             2.7507e-05,             2.7507e-05
                    149,                 2.6069,                 1.5968,                0.94687,                0.64666,                0.65286,                0.64042,                0.19505,                 2.6139,                 1.2389,                0.92862,             2.7007e-05,             2.7007e-05,             2.7007e-05
                    150,                  2.615,                 1.6016,                0.94292,                0.63466,                0.66922,                0.63766,                0.19179,                 2.6247,                 1.2396,                0.92897,             2.6507e-05,             2.6507e-05,             2.6507e-05
                    151,                 2.6081,                  1.597,                0.95496,                0.63635,                0.67516,                0.65173,                 0.2007,                 2.5974,                 1.2306,                0.92734,             2.6008e-05,             2.6008e-05,             2.6008e-05
                    152,                 2.5902,                 1.5916,                0.95348,                0.63794,                0.67979,                0.65034,                 0.1985,                 2.5997,                 1.2349,                0.92844,             2.5508e-05,             2.5508e-05,             2.5508e-05
                    153,                 2.6395,                 1.6188,                0.95246,                0.64051,                0.65673,                0.64571,                0.19494,                 2.6235,                 1.2256,                0.93185,             2.5008e-05,             2.5008e-05,             2.5008e-05
                    154,                 2.6117,                 1.6266,                0.95659,                 0.6502,                0.65957,                0.64905,                0.20006,                  2.596,                 1.2222,                0.92854,             2.4508e-05,             2.4508e-05,             2.4508e-05
                    155,                 2.6449,                 1.6025,                0.94316,                0.65016,                0.66224,                0.65503,                0.19862,                 2.6286,                 1.2361,                0.93075,             2.4008e-05,             2.4008e-05,             2.4008e-05
                    156,                  2.623,                 1.6107,                0.95003,                0.66678,                0.66621,                0.65309,                0.20018,                 2.5972,                 1.2239,                0.92718,             2.3508e-05,             2.3508e-05,             2.3508e-05
                    157,                 2.6535,                 1.5987,                0.94022,                0.64973,                0.64994,                0.63786,                0.19946,                 2.6054,                 1.2271,                0.92943,             2.3008e-05,             2.3008e-05,             2.3008e-05
                    158,                 2.6439,                 1.6016,                0.94374,                0.66341,                 0.6484,                0.64556,                0.19869,                 2.6157,                 1.2321,                0.93037,             2.2508e-05,             2.2508e-05,             2.2508e-05
                    159,                 2.5834,                 1.5887,                0.94916,                0.66874,                0.63645,                 0.6521,                0.20054,                 2.6066,                 1.2191,                0.92788,             2.2008e-05,             2.2008e-05,             2.2008e-05
                    160,                 2.5831,                 1.5838,                0.94685,                0.67351,                0.62988,                 0.6439,                0.19881,                 2.5951,                 1.2193,                0.92611,             2.1508e-05,             2.1508e-05,             2.1508e-05
                    161,                 2.6169,                 1.5876,                 0.9427,                0.66485,                0.64855,                0.65649,                0.20025,                 2.5896,                 1.2114,                0.92515,             2.1008e-05,             2.1008e-05,             2.1008e-05
                    162,                 2.5882,                 1.5728,                0.94102,                0.65434,                0.63753,                0.63969,                0.19513,                 2.6121,                 1.2214,                0.92849,             2.0508e-05,             2.0508e-05,             2.0508e-05
                    163,                 2.6221,                 1.5978,                0.94026,                0.65362,                0.63464,                0.65119,                0.19622,                 2.6231,                 1.2203,                0.92841,             2.0008e-05,             2.0008e-05,             2.0008e-05
                    164,                 2.6106,                 1.5802,                 0.9485,                0.65878,                0.65971,                0.65632,                0.20211,                 2.5973,                 1.2123,                0.92714,             1.9508e-05,             1.9508e-05,             1.9508e-05
                    165,                 2.6135,                  1.574,                0.94328,                 0.6641,                0.62714,                 0.6455,                0.19731,                 2.6178,                 1.2265,                0.92791,             1.9008e-05,             1.9008e-05,             1.9008e-05
                    166,                 2.6235,                 1.6142,                0.94346,                0.67244,                0.64978,                0.66035,                0.20185,                 2.5915,                 1.2147,                0.92699,             1.8508e-05,             1.8508e-05,             1.8508e-05
                    167,                 2.5964,                 1.6064,                0.94514,                0.67132,                0.64291,                0.65554,                0.20259,                 2.5803,                 1.1977,                 0.9252,             1.8008e-05,             1.8008e-05,             1.8008e-05
                    168,                 2.5844,                 1.5761,                0.94559,                0.64964,                0.63136,                0.63972,                0.19824,                 2.6028,                 1.2135,                0.92731,             1.7508e-05,             1.7508e-05,             1.7508e-05
                    169,                 2.6084,                  1.589,                0.93672,                0.66432,                0.63532,                0.63314,                0.19257,                  2.627,                 1.2326,                0.92898,             1.7008e-05,             1.7008e-05,             1.7008e-05
                    170,                 2.5815,                 1.5455,                 0.9397,                0.65615,                 0.6436,                0.64404,                0.19849,                 2.5892,                 1.2166,                0.92421,             1.6508e-05,             1.6508e-05,             1.6508e-05
                    171,                 2.6098,                 1.5969,                0.94887,                0.66315,                0.64542,                0.64411,                0.19587,                 2.6071,                 1.2207,                0.92743,             1.6009e-05,             1.6009e-05,             1.6009e-05
                    172,                 2.6107,                 1.5907,                 0.9432,                 0.6706,                0.64773,                 0.6556,                0.19928,                 2.5905,                 1.2164,                0.92539,             1.5509e-05,             1.5509e-05,             1.5509e-05
                    173,                 2.6067,                 1.5902,                 0.9499,                0.66718,                0.63326,                0.64913,                0.19952,                  2.599,                 1.2151,                0.92632,             1.5009e-05,             1.5009e-05,             1.5009e-05
                    174,                 2.6008,                 1.5729,                0.94579,                 0.6583,                0.63281,                0.64327,                0.19631,                 2.6136,                 1.2219,                0.92741,             1.4509e-05,             1.4509e-05,             1.4509e-05
                    175,                  2.584,                 1.5718,                0.94323,                0.67588,                0.63397,                0.65087,                0.20086,                 2.6028,                 1.2149,                0.92644,             1.4009e-05,             1.4009e-05,             1.4009e-05
                    176,                 2.5929,                 1.5668,                 0.9432,                 0.6685,                0.63009,                0.64842,                0.20068,                 2.5936,                 1.2106,                0.92651,             1.3509e-05,             1.3509e-05,             1.3509e-05
                    177,                 2.5824,                 1.5673,                 0.9473,                0.67079,                0.64198,                0.64925,                0.20034,                 2.5783,                 1.2073,                0.92503,             1.3009e-05,             1.3009e-05,             1.3009e-05
                    178,                 2.5577,                 1.5551,                0.93979,                 0.6602,                 0.6431,                0.65028,                0.20031,                  2.597,                 1.2086,                0.92779,             1.2509e-05,             1.2509e-05,             1.2509e-05
                    179,                 2.5905,                 1.5581,                 0.9393,                0.67179,                0.63665,                0.65063,                0.19869,                 2.6018,                 1.2089,                0.92794,             1.2009e-05,             1.2009e-05,             1.2009e-05
                    180,                 2.5583,                 1.5734,                0.94795,                0.66964,                0.64039,                0.64444,                 0.2002,                 2.5839,                 1.2072,                0.92558,             1.1509e-05,             1.1509e-05,             1.1509e-05
                    181,                 2.5674,                 1.5346,                0.94321,                0.65555,                0.64891,                0.65152,                0.20194,                  2.596,                 1.2136,                0.92668,             1.1009e-05,             1.1009e-05,             1.1009e-05
                    182,                  2.566,                 1.5534,                  0.942,                0.66209,                0.62782,                0.64716,                0.19997,                 2.5927,                 1.2113,                0.92631,             1.0509e-05,             1.0509e-05,             1.0509e-05
                    183,                 2.5876,                 1.5468,                0.93709,                0.66006,                0.64104,                0.64879,                0.20133,                 2.5882,                 1.2102,                0.92552,             1.0009e-05,             1.0009e-05,             1.0009e-05
                    184,                 2.5657,                 1.5337,                0.93472,                0.65296,                0.63995,                0.65202,                0.20223,                 2.6011,                 1.2093,                0.92704,             9.5091e-06,             9.5091e-06,             9.5091e-06
                    185,                 2.5829,                 1.5765,                0.94054,                0.65756,                 0.6374,                0.64812,                0.20091,                 2.6045,                 1.2162,                0.92738,             9.0092e-06,             9.0092e-06,             9.0092e-06
                    186,                 2.5331,                 1.5207,                0.94168,                0.65909,                0.64373,                0.65023,                0.19977,                 2.6004,                 1.2121,                0.92647,             8.5092e-06,             8.5092e-06,             8.5092e-06
                    187,                 2.5763,                 1.5363,                0.94202,                0.65761,                0.64758,                0.64882,                0.19942,                 2.5959,                 1.2057,                 0.9257,             8.0093e-06,             8.0093e-06,             8.0093e-06
                    188,                 2.5737,                 1.5462,                0.94368,                0.66461,                0.63756,                0.65212,                0.19775,                 2.6035,                 1.2057,                0.92666,             7.5093e-06,             7.5093e-06,             7.5093e-06
                    189,                 2.5684,                 1.5591,                 0.9382,                0.65451,                0.64662,                0.65496,                0.19929,                 2.5933,                 1.2051,                0.92609,             7.0094e-06,             7.0094e-06,             7.0094e-06
                    190,                 2.5424,                 1.5863,                0.96102,                0.64912,                0.64664,                0.63783,                0.19241,                 2.6196,                 1.2339,                0.92807,             6.5095e-06,             6.5095e-06,             6.5095e-06
                    191,                 2.5402,                 1.5937,                0.96554,                0.64584,                0.63842,                0.62951,                 0.1922,                 2.6227,                  1.235,                0.92887,             6.0095e-06,             6.0095e-06,             6.0095e-06
                    192,                 2.5233,                   1.54,                0.95601,                 0.6649,                0.63765,                0.63713,                0.19383,                 2.6172,                 1.2304,                0.92862,             5.5096e-06,             5.5096e-06,             5.5096e-06
                    193,                 2.5163,                   1.57,                0.96134,                0.66773,                0.64277,                0.64148,                0.19564,                 2.6179,                 1.2287,                0.92895,             5.0096e-06,             5.0096e-06,             5.0096e-06
                    194,                 2.4939,                 1.5286,                0.95463,                0.64772,                0.65639,                0.64802,                0.19738,                 2.6165,                  1.227,                0.92859,             4.5097e-06,             4.5097e-06,             4.5097e-06
                    195,                 2.4842,                 1.5193,                0.95486,                0.64087,                 0.6573,                0.64362,                0.19581,                 2.6254,                 1.2271,                0.92916,             4.0097e-06,             4.0097e-06,             4.0097e-06
                    196,                  2.487,                  1.528,                 0.9577,                0.63893,                0.64814,                0.64106,                 0.1937,                 2.6316,                 1.2271,                0.92964,             3.5098e-06,             3.5098e-06,             3.5098e-06
                    197,                 2.5304,                 1.5545,                0.95726,                0.64368,                0.65037,                0.64175,                0.19293,                 2.6336,                 1.2298,                 0.9298,             3.0098e-06,             3.0098e-06,             3.0098e-06
                    198,                 2.4888,                 1.5376,                0.95674,                0.64882,                0.65699,                0.64922,                 0.1978,                 2.6258,                 1.2264,                0.92927,             2.5099e-06,             2.5099e-06,             2.5099e-06
                    199,                 2.4792,                 1.5074,                0.95874,                0.65003,                0.66095,                0.65115,                0.19661,                 2.6186,                 1.2236,                0.92887,             2.0099e-06,             2.0099e-06,             2.0099e-06
